{"count":1,"self":8.0954144,"total":9.5072134999999989,"children":{"InitializeActuators":{"count":1,"self":0.0011612999999999999,"total":0.0011612999999999999,"children":null},"InitializeSensors":{"count":1,"self":0.0010295999999999999,"total":0.0010295999999999999,"children":null},"AgentSendState":{"count":24462,"self":0.026558099999999998,"total":0.026558099999999998,"children":null},"DecideAction":{"count":24462,"self":1.364118,"total":1.364118,"children":null},"AgentAct":{"count":24462,"self":0.0123583,"total":0.017931799999999998,"children":{"AgentInfo.ToProto":{"count":1,"self":0.0020185999999999997,"total":0.0055734999999999995,"children":{"GenerateSensorData":{"count":1,"self":0.0035548999999999997,"total":0.0035548999999999997,"children":null}}}}}},"gauges":{"MjReacher.CumulativeReward":{"count":1,"max":0,"min":0,"runningAverage":0,"value":0,"weightedAverage":0}},"metadata":{"timer_format_version":"0.1.0","start_time_seconds":"1743086344","unity_version":"2022.3.42f1c1","command_line_arguments":"D:\\Unity\\Editor\\2022.3.42f1c1\\Editor\\Unity.exe -projectpath D:\\Unity\\Project\\training_system -useHub -hubIPC -cloudEnvironment production -licensingIpc LicenseClient-28735 -hubSessionId c6201f50-0af3-11f0-97ab-e99030a8363f -accessToken hOYEgL_3hOz3kNk8HpFKDY8BMGJ4LNxImKgMqn_j4_Q01ef","communication_protocol_version":"1.5.0","com.unity.ml-agents_version":"2.0.1","scene_name":"JibotTest","end_time_seconds":"1743086353"}}