{"count":1,"self":5.7591616,"total":8.7476196,"children":{"InitializeActuators":{"count":1,"self":0.0020063,"total":0.0020063,"children":null},"InitializeSensors":{"count":1,"self":0.0010061,"total":0.0010061,"children":null},"AgentSendState":{"count":3033,"self":0.017995999999999998,"total":0.094225099999999992,"children":{"CollectObservations":{"count":607,"self":0.054070599999999996,"total":0.054070599999999996,"children":null},"WriteActionMask":{"count":607,"self":0.0010578999999999999,"total":0.0010578999999999999,"children":null},"RequestDecision":{"count":607,"self":0.0080266,"total":0.0211006,"children":{"AgentInfo.ToProto":{"count":607,"self":0.0043796999999999994,"total":0.013073999999999999,"children":{"GenerateSensorData":{"count":607,"self":0.0086943,"total":0.0086943,"children":null}}}}}}},"DecideAction":{"count":3033,"self":2.8646407999999997,"total":2.8646407,"children":null},"AgentAct":{"count":3033,"self":0.026579699999999998,"total":0.026579699999999998,"children":null}},"gauges":{},"metadata":{"timer_format_version":"0.1.0","start_time_seconds":"1744903977","unity_version":"2022.3.42f1c1","command_line_arguments":"D:\\Unity\\Editor\\2022.3.42f1c1\\Editor\\Unity.exe -projectpath D:\\Unity\\Project\\training_system -useHub -hubIPC -cloudEnvironment production -licensingIpc LicenseClient-28735 -hubSessionId c9de8b50-1b64-11f0-a907-81abbbd30355 -accessToken xDqhUu5fMllsHEqRMjxjr_e0jtgLFVRSIFJJ0nZer9k01ef","communication_protocol_version":"1.5.0","com.unity.ml-agents_version":"2.0.1","scene_name":"JibotTest_M 1","end_time_seconds":"1744903986"}}