{"count":1,"self":117.3331072,"total":436.12454599999995,"children":{"InitializeActuators":{"count":1,"self":0.0014851999999999999,"total":0.0014851999999999999,"children":null},"InitializeSensors":{"count":1,"self":0.0010130999999999999,"total":0.0010130999999999999,"children":null},"AgentSendState":{"count":259675,"self":0.9229714,"total":7.0781711,"children":{"CollectObservations":{"count":51935,"self":4.4716564,"total":4.4716565,"children":null},"WriteActionMask":{"count":51935,"self":0.097021799999999991,"total":0.097021799999999991,"children":null},"RequestDecision":{"count":51935,"self":0.4247125,"total":1.5865213999999999,"children":{"AgentInfo.ToProto":{"count":51935,"self":0.2539367,"total":1.1618089,"children":{"GenerateSensorData":{"count":51935,"self":0.90787219999999991,"total":0.90787219999999991,"children":null}}}}}}},"DecideAction":{"count":259675,"self":308.898816,"total":308.8988065,"children":null},"AgentAct":{"count":259675,"self":2.811334,"total":2.8113338999999997,"children":{"AgentInfo.ToProto":{"count":13,"self":0,"total":0,"children":{"GenerateSensorData":{"count":13,"self":0,"total":0,"children":null}}}}}},"gauges":{"MjReacher.CumulativeReward":{"count":13,"max":9928.562,"min":-124663.891,"runningAverage":-37217.42,"value":-39202.9258,"weightedAverage":-29759.7168}},"metadata":{"timer_format_version":"0.1.0","start_time_seconds":"1744904082","unity_version":"2022.3.42f1c1","command_line_arguments":"D:\\Unity\\Editor\\2022.3.42f1c1\\Editor\\Unity.exe -projectpath D:\\Unity\\Project\\training_system -useHub -hubIPC -cloudEnvironment production -licensingIpc LicenseClient-28735 -hubSessionId c9de8b50-1b64-11f0-a907-81abbbd30355 -accessToken xDqhUu5fMllsHEqRMjxjr_e0jtgLFVRSIFJJ0nZer9k01ef","communication_protocol_version":"1.5.0","com.unity.ml-agents_version":"2.0.1","scene_name":"JibotTest_M 1","end_time_seconds":"1744904518"}}