{"count":1,"self":3.3345312,"total":7.0750309,"children":{"InitializeActuators":{"count":1,"self":0.0020066999999999997,"total":0.0020066999999999997,"children":null},"InitializeSensors":{"count":1,"self":0.0020001999999999997,"total":0.0020001999999999997,"children":null},"AgentSendState":{"count":4462,"self":0.011555399999999999,"total":0.0563074,"children":{"CollectObservations":{"count":893,"self":0.0009989,"total":0.0009989,"children":null},"WriteActionMask":{"count":893,"self":0.0010035,"total":0.0010035,"children":null},"RequestDecision":{"count":893,"self":0.0093178999999999988,"total":0.0427496,"children":{"AgentInfo.ToProto":{"count":893,"self":0.0065049999999999995,"total":0.0334317,"children":{"GenerateSensorData":{"count":893,"self":0.026926699999999998,"total":0.026926699999999998,"children":null}}}}}}},"DecideAction":{"count":4462,"self":3.6525344,"total":3.6525345999999996,"children":null},"AgentAct":{"count":4462,"self":0.0266479,"total":0.0266479,"children":null}},"gauges":{},"metadata":{"timer_format_version":"0.1.0","start_time_seconds":"1740587855","unity_version":"2022.3.42f1c1","command_line_arguments":"D:\\Unity\\Editor\\2022.3.42f1c1\\Editor\\Unity.exe -projectpath D:\\Unity\\Project\\training_system -useHub -hubIPC -cloudEnvironment production -licensingIpc LicenseClient-28735 -hubSessionId edd0f670-f43a-11ef-b27b-f342c7fef11b -accessToken tZdyU7lxsPtad4YCClm8MD5kza40oryGnJ1x_X2StlI01ef","communication_protocol_version":"1.5.0","com.unity.ml-agents_version":"2.0.1","scene_name":"ReacherTest - Mujoco","end_time_seconds":"1740587862"}}